Emp ID,First Name,Last Name,DOB,SSN,State
214,Sarah,Simpson,12/04/1985,***-**-8166,FL
214,Sarah,Simpson,09/08/1993,***-**-7526,CO
214,Samantha,Lara,12/20/1957,***-**-8526,PA
15,Stacy,Charles,07/29/1978,***-**-3944,MI
411,Michelle,Roy,03/28/1985,***-**-3515,MN
166,Joseph,Rogers,10/13/1975,***-**-6153,NY
39,Erica,Hines,12/20/1967,***-**-0817,WI
423,Zoe,Patel,01/20/1990,***-**-0346,TN
192,Matthew,Harvey,07/21/1961,***-**-1581,WV
162,Shawn,Davis,08/07/1961,***-**-2014,MO
131,April,Baldwin,01/06/1972,***-**-2754,MT
20,Vincent,Daniels,08/22/1960,***-**-7911,IA
246,Ann,Fields,05/05/1979,***-**-2578,IL
525,Jeffrey,Pearson,09/23/1989,***-**-0904,GA
392,Heather,Johnson,03/14/1979,***-**-6881,RI
474,Melissa,Fletcher,09/04/1984,***-**-8680,LA
478,Kimberly,Alvarez,04/08/1988,***-**-1668,ND
101,Monica,Jimenez,05/28/1962,***-**-7070,NE
52,Steven,Johnson,06/15/1972,***-**-6715,FL
182,Sarah,Wood,03/28/1958,***-**-0770,OK
637,Jesus,Petersen,04/10/1963,***-**-0286,AL
510,Rhonda,Rosales,09/09/1981,***-**-5228,LA
122,Nicole,Richardson,07/20/1977,***-**-1994,OR
294,Jennifer,Mendez,01/30/1981,***-**-7629,NC
327,Sandra,Petty,04/13/1987,***-**-6836,SD
145,Michael,Hester,08/28/1982,***-**-4744,NH
565,Joseph,Brown,08/23/1993,***-**-2306,WA
590,Michelle,Cooper,12/15/1991,***-**-7662,IN
340,Barbara,Wise,07/20/1984,***-**-4907,NJ
176,Carol,Rosales,02/24/1969,***-**-2207,MS
63,Mark,Villa,09/16/1973,***-**-5514,MS
121,Russell,Orozco,08/21/1994,***-**-5222,OK
70,Michelle,Sanchez,10/31/1965,***-**-4542,CT
446,Briana,Ayala,12/14/1958,***-**-6030,HI
156,Shane,Roberts,01/24/1973,***-**-3831,MT
343,Cassandra,Morris,07/25/1984,***-**-7445,KY
599,Krista,Thompson,09/13/1957,***-**-1689,NM
102,Jon,Bennett,12/03/1993,***-**-3580,CO
377,April,Thomas,01/15/1968,***-**-3736,ID
240,Haley,Martinez,11/25/1989,***-**-5036,SD
455,Isaac,Stafford,01/06/1987,***-**-3936,NH
503,John,Martinez,12/08/1982,***-**-4070,WV
269,John,Phillips,09/11/1978,***-**-9672,SD
219,Gary,Shelton,10/12/1969,***-**-2966,ME
301,Amanda,Gordon,09/12/1963,***-**-6084,NE
84,Jessica,Holt,07/15/1966,***-**-9779,SD
588,Stephanie,Estes,02/01/1992,***-**-7328,MS
540,Jessica,Brown,05/19/1973,***-**-7781,NM
329,Donna,Manning,08/20/1991,***-**-7882,VA
74,Nicholas,Owens,05/13/1960,***-**-0741,AZ
29,Wendy,Ryan,09/08/1971,***-**-3136,GA
92,Kimberly,Hooper,05/28/1975,***-**-0643,MT
489,Deborah,Gonzalez,04/18/1987,***-**-3016,IN
561,Laura,Yoder,03/07/1958,***-**-0707,AZ
44,Kimberly,Velez,05/15/1973,***-**-4337,OK
138,Kevin,Garcia,11/20/1972,***-**-0963,ND
623,Marcia,Jones,08/11/1978,***-**-5508,NV
173,Nicole,Baldwin,02/13/1986,***-**-8687,CA
148,Katherine,Juarez,09/22/1985,***-**-7734,NC
184,Paula,Thompson,02/27/1973,***-**-5429,NM
228,Joan,Hoover,11/28/1962,***-**-1621,NV
117,Stephen,Simon,09/30/1962,***-**-9126,MN
544,Rebecca,Taylor,04/28/1973,***-**-6742,DE
116,Lindsay,Owens,07/03/1983,***-**-7892,AK
622,Justin,Payne,01/25/1961,***-**-4112,GA
376,Michelle,Thornton,08/11/1985,***-**-4460,SC
100,Timothy,Hill,01/05/1976,***-**-5174,OH
222,Karen,Johnson,03/01/1962,***-**-9185,KY
506,Alexis,Mcintosh,09/18/1961,***-**-3222,AL
59,Susan,Fitzgerald,08/26/1958,***-**-3120,OH
456,Amber,Stewart,07/17/1983,***-**-2641,NJ
389,Taylor,Evans,09/27/1993,***-**-8339,ID
236,Tracy,Knight,02/27/1981,***-**-2601,AZ
78,Jason,Parks,06/15/1973,***-**-7126,SC
253,Jonathan,Carroll,06/21/1959,***-**-6918,MS
67,Sara,Wallace,05/23/1969,***-**-4559,UT
642,Jeffrey,Mitchell,03/11/1986,***-**-9544,DE
279,April,West,02/05/1973,***-**-2883,IN
41,Ryan,Reynolds,07/24/1989,***-**-1379,AL
30,Rachel,Bell,06/20/1984,***-**-4567,LA
462,Amber,Williamson,10/08/1968,***-**-7749,UT
87,Tony,Park,10/04/1981,***-**-6302,OH
26,Robert,Jefferson,07/05/1987,***-**-5549,WY
553,Sarah,Hernandez,12/19/1968,***-**-4633,CA
151,Margaret,Foley,03/01/1988,***-**-0333,TN
523,Tina,Christensen,10/16/1987,***-**-4728,WY
434,Isaac,Gomez,04/24/1961,***-**-5132,VT
1,Phillip,Davis,09/18/1979,***-**-9324,NV
365,Brian,Douglas,08/12/1994,***-**-9378,IN
230,Teresa,Wilson,11/21/1993,***-**-1270,WV
357,Timothy,Wilson,08/21/1980,***-**-9489,AK
142,Lori,Davies,11/21/1985,***-**-0950,CO
606,Brittany,Stone,03/09/1974,***-**-2560,CA
129,Matthew,Rogers,08/18/1972,***-**-0367,WI
34,Francisco,Gardner,12/06/1979,***-**-7953,OR
190,Ashley,Patrick,07/23/1979,***-**-2997,MD
259,Brandi,Frey,12/20/1974,***-**-1192,PA
471,Garrett,Kelley,04/19/1985,***-**-0735,NE
362,Robert,Barron,06/19/1967,***-**-0867,WV
620,Lee,Serrano,04/30/1959,***-**-9076,DE
299,Jessica,Vance,02/15/1973,***-**-2395,OH
213,Russell,Ashley,10/03/1989,***-**-2969,WY
427,Catherine,Richardson,03/12/1986,***-**-9319,NH
105,Sheri,Hamilton,02/27/1968,***-**-3498,ND
260,Craig,Strickland,09/30/1969,***-**-6416,AK
547,Brandon,Hall,11/18/1962,***-**-7524,VT
28,Karla,Adams,07/15/1990,***-**-9800,FL
486,Ernest,Washington,05/15/1989,***-**-7554,MT
300,John,Owens,05/04/1968,***-**-3936,LA
501,Roberto,Farmer,01/24/1980,***-**-1663,IA
584,Tom,Bailey,01/17/1966,***-**-1698,MI
453,Jennifer,White,11/25/1961,***-**-8268,NE
16,Courtney,Mendez,05/13/1971,***-**-2427,MD
185,Jasmine,Miller,06/24/1969,***-**-2636,CA
223,Amy,Bryan,05/06/1994,***-**-4970,AK
290,Melvin,Pruitt,10/25/1957,***-**-8942,MS
71,Amanda,Carrillo,03/10/1987,***-**-6484,ND
73,Anthony,Nguyen,11/23/1965,***-**-7712,NH
549,Kaitlyn,Charles,03/17/1977,***-**-9010,FL
359,Rebecca,Pollard,09/02/1987,***-**-8491,ME
631,James,Jackson,02/05/1964,***-**-3596,HI
585,Gina,Jones,05/06/1983,***-**-7298,KS
641,Tyler,Woodward,12/28/1984,***-**-7228,NY
564,Hannah,Schultz,04/20/1976,***-**-1311,CT
149,Anthony,Sims,05/02/1981,***-**-7152,WI
430,Jessica,Wallace,01/03/1980,***-**-7840,VT
587,Jonathan,Pearson,09/17/1987,***-**-9513,IN
420,Richard,Hunt,03/11/1966,***-**-3750,DE
625,Madison,Ballard,08/07/1993,***-**-8028,GA
319,Kathryn,Blair,03/28/1958,***-**-5885,CT
18,Kristina,Patterson,04/09/1957,***-**-8017,CO
535,Kathryn,Bryant,03/02/1982,***-**-9737,WA
417,Jerry,Ayala,07/30/1994,***-**-3813,CT
391,Karen,Rodriguez,04/24/1972,***-**-6724,TX
274,Daniel,Jacobs,08/30/1968,***-**-3547,TN
270,Stephanie,Campbell,04/29/1977,***-**-6378,LA
537,Michael,Pacheco,04/01/1991,***-**-9437,MT
341,Steven,Garcia,07/15/1957,***-**-7869,TX
402,Brenda,Hall,06/27/1969,***-**-5595,ME
476,Rhonda,Smith,01/26/1960,***-**-8950,VT
367,Tracy,Francis,04/14/1981,***-**-9216,NE
407,Dawn,Fernandez,08/29/1958,***-**-2780,FL
280,Matthew,Wells,09/20/1979,***-**-6637,FL
524,Joel,Walker,08/15/1978,***-**-1746,OH
57,Paula,Shea,05/23/1976,***-**-7411,WI
312,Paul,Bell,01/02/1978,***-**-0114,MI
649,Frederick,Roberson,03/17/1959,***-**-9454,OR
488,Melissa,Armstrong,01/15/1969,***-**-9026,AK
139,Jennifer,Alexander,09/02/1986,***-**-1151,IL
412,Cassandra,Perez,12/17/1965,***-**-9162,WI
5,Anthony,Austin,08/11/1976,***-**-3428,RI
153,Cynthia,Jones,04/07/1990,***-**-5243,IL
321,Oscar,Bernard,11/19/1980,***-**-7721,AR
541,Amanda,Hendrix,08/22/1961,***-**-5624,UT
406,Vincent,Henry,12/19/1976,***-**-3299,GA
204,Lauren,Bush,06/17/1961,***-**-1470,CA
567,Stacey,Bates,04/16/1971,***-**-9388,NE
187,Amanda,Khan,12/07/1973,***-**-2368,AR
460,Amanda,Sutton,03/20/1992,***-**-6050,ID
212,Joshua,Li,04/05/1987,***-**-4807,MI
617,Becky,Kennedy,09/04/1978,***-**-5712,FL
353,Laura,Espinoza,12/31/1970,***-**-7318,WI
383,Joshua,Murphy,04/11/1969,***-**-0666,TX
91,Randall,Bowen,07/31/1979,***-**-2595,SC
429,Michelle,Pham,07/10/1974,***-**-6906,RI
40,Emily,Thomas,12/15/1976,***-**-4271,KY
298,Jessica,Kelley,12/23/1968,***-**-7392,WA
400,Jeffrey,Brown,11/24/1990,***-**-2614,AR
480,Jennifer,Keith,10/14/1979,***-**-4169,NM
375,Joshua,Romero,12/13/1976,***-**-5611,AZ
626,Frank,Walker,01/29/1965,***-**-8099,AL
97,Cody,Lindsey,03/09/1979,***-**-5896,VT
291,Cody,Baker,12/13/1985,***-**-5336,SD
614,Jaclyn,Wall,06/15/1965,***-**-0939,MN
552,Kaitlyn,Roy,04/04/1994,***-**-8932,UT
338,Allison,Lee,06/08/1969,***-**-2886,WV
513,Heather,Patterson,08/08/1980,***-**-8236,MA
231,Carrie,Thomas,08/14/1967,***-**-9234,NE
443,David,Gutierrez,08/20/1965,***-**-7098,NM
140,Harold,Robinson,11/27/1978,***-**-6911,KY
96,Alex,Graham,01/01/1978,***-**-0637,NJ
531,Steven,Thompson,11/11/1971,***-**-5120,NE
403,Barbara,Martin,02/23/1976,***-**-2404,IA
580,Theresa,Cochran,09/05/1964,***-**-2946,CO
113,Michael,Madden,05/01/1989,***-**-3628,AZ
289,Brian,Chase,11/16/1962,***-**-2185,RI
247,Carolyn,Rodriguez,06/03/1994,***-**-8593,NC
472,Breanna,Williams,11/11/1981,***-**-8560,NY
582,Anne,Cook,09/22/1975,***-**-7048,NY
265,Tara,Bowers,10/10/1980,***-**-4819,VA
281,Joyce,Hall,01/24/1959,***-**-8264,FL
330,Sydney,George,09/19/1977,***-**-4792,NV
372,Lindsay,Williams,03/14/1986,***-**-2653,UT
628,Darrell,Thomas,08/07/1965,***-**-2441,NJ
445,Thomas,Knight,04/20/1991,***-**-2117,DE
316,Carolyn,Diaz,04/13/1986,***-**-9411,ND
499,Karen,Ball,04/20/1988,***-**-6742,GA
528,Ronald,Richardson,09/01/1986,***-**-3144,MS
242,Donna,Williams,02/23/1991,***-**-7938,WA
632,Molly,Wright,06/02/1974,***-**-8359,KS
313,Jeffrey,Mcintyre,01/19/1975,***-**-8386,IA
89,Tabitha,Parks,12/08/1982,***-**-9382,MT
130,Melissa,Padilla,11/15/1979,***-**-2111,AZ
3,George,Harris,09/03/1993,***-**-2522,ID
586,Cheryl,Hancock,01/12/1972,***-**-0457,MT
355,Jeffrey,Paul,04/20/1979,***-**-4078,NY
532,Wendy,Jones,12/01/1981,***-**-8375,AR
326,Elizabeth,Johnson,05/22/1990,***-**-9288,SC
225,Charles,Green,12/14/1970,***-**-7671,MD
191,Jeffrey,Cooper,01/25/1971,***-**-6779,IN
444,Judith,Brooks,04/10/1971,***-**-2683,SC
490,Amanda,Ramsey,12/27/1984,***-**-5500,CA
609,Stephen,Oliver,02/13/1988,***-**-1027,MD
47,Nancy,Rodriguez,05/13/1971,***-**-4897,FL
508,Joshua,Powers,02/07/1980,***-**-2075,CA
388,Lisa,Stein,08/18/1967,***-**-8568,NV
331,Jessica,Martin,04/17/1990,***-**-4162,NM
264,George,Hardy,11/08/1990,***-**-0506,CO
589,Jonathan,Carney,02/01/1959,***-**-6248,IL
278,Carol,Robertson,03/18/1983,***-**-5874,CT
526,Susan,Zhang,08/30/1969,***-**-1053,NY
205,Christopher,Cameron,05/14/1990,***-**-6565,MD
199,Paul,Ramsey,03/26/1971,***-**-5176,MS
550,David,Torres,10/22/1993,***-**-9440,KS
103,Barbara,Roberts,05/22/1985,***-**-1196,MD
465,Nicholas,Dunn,10/09/1966,***-**-8394,NE
348,John,Long,01/09/1992,***-**-7391,ME
158,Shelby,Porter,08/29/1973,***-**-3792,FL
361,Judith,Robinson,09/19/1969,***-**-2854,WY
610,Justin,Holt,09/14/1988,***-**-2068,IL
235,Laura,Valdez,12/29/1989,***-**-0642,WV
442,Jesse,Rosales,04/02/1992,***-**-5581,MN
215,Amy,Duran,11/06/1976,***-**-1375,IN
17,Joshua,Williams,03/28/1986,***-**-0776,NE
363,Robert,Davis,06/27/1966,***-**-5946,OH
438,Lisa,Houston,11/27/1978,***-**-5842,IL
111,Timothy,Williams,03/09/1973,***-**-6351,SC
396,Kim,Finley,06/11/1962,***-**-7248,TN
255,Andrew,Lopez,10/22/1958,***-**-4723,IA
226,Veronica,Herrera,01/14/1982,***-**-8100,SD
652,Bob,Murphy,09/25/1977,***-**-7493,IN
64,Timothy,Duncan,11/26/1985,***-**-6963,WV
415,David,Sandoval,10/19/1980,***-**-5360,ID
354,Tony,Graves,07/17/1981,***-**-0698,WA
517,Andrea,Fuller,06/16/1974,***-**-3440,WY
292,William,Carney,11/15/1992,***-**-9595,KY
579,Daniel,Dominguez,10/30/1983,***-**-2451,NY
181,David,Franco,01/29/1961,***-**-6761,AK
556,Justin,Ortiz,07/23/1964,***-**-3953,WV
351,Sara,Jarvis,05/09/1988,***-**-5674,TN
405,Adam,Green,04/02/1969,***-**-7111,KS
647,Debra,Flores,12/04/1988,***-**-1210,RI
646,Jennifer,Adams,06/14/1988,***-**-7062,MI
79,Lori,Sosa,03/27/1985,***-**-0325,NV
371,Cory,Mora,09/20/1966,***-**-7879,UT
542,Denise,Hughes,09/05/1957,***-**-0437,MA
261,Anthony,Jenkins,10/17/1986,***-**-1991,NE
368,Leonard,Soto,07/16/1960,***-**-6930,MI
439,Donald,Todd,08/24/1979,***-**-2737,VT
82,Christopher,Long,02/27/1976,***-**-1562,NJ
431,Donald,Pierce,02/25/1986,***-**-6697,MS
155,Matthew,Sullivan,06/11/1965,***-**-4666,MT
189,Brianna,Stevens,02/13/1981,***-**-8948,SC
393,Jacqueline,Villegas,02/18/1964,***-**-8701,GA
451,Mary,Diaz,12/01/1985,***-**-1803,NH
22,Steven,Taylor,08/19/1980,***-**-1355,KY
470,Edward,Jimenez,01/07/1992,***-**-0413,PA
384,John,Joseph,07/16/1977,***-**-9304,VT
7,Jared,Fletcher,02/04/1970,***-**-3356,NH
258,Kathleen,Hill,08/16/1965,***-**-4164,NH
568,Johnny,Warner,02/08/1971,***-**-1100,IL
56,Frank,Smith,03/26/1957,***-**-6249,RI
621,Stephanie,Thompson,09/13/1992,***-**-3459,KS
49,Angela,Cannon,04/26/1967,***-**-3462,WV
397,Trevor,Robinson,05/19/1969,***-**-8879,KS
36,Gregory,Powers,11/03/1982,***-**-6809,NC
33,Michael,Sparks,01/31/1989,***-**-0195,IA
224,George,Flores,01/22/1986,***-**-0161,AZ
634,Michael,Hall,05/27/1973,***-**-0355,IN
144,Susan,Williamson,05/11/1988,***-**-6955,WI
491,Luis,Norton,03/07/1990,***-**-5518,ND
309,Victoria,Pearson,01/13/1976,***-**-4515,OR
211,Roger,Nichols,11/10/1983,***-**-1434,WI
475,Jenny,Mills,09/30/1965,***-**-8369,PA
493,Joshua,Moore,02/25/1979,***-**-8546,AL
128,James,Carr,04/21/1974,***-**-4614,MN
262,David,Lane,04/30/1961,***-**-1223,PA
597,Beth,Reese,09/24/1986,***-**-1306,KS
325,Lindsay,Thompson,04/27/1982,***-**-6610,NY
573,Amber,Taylor,04/03/1977,***-**-0620,IL
55,Oscar,Yates,06/04/1994,***-**-2490,CA
132,Anthony,Cooper,07/01/1983,***-**-7833,DE
401,Tracie,Harrison,11/08/1970,***-**-3228,OR
483,Corey,Herrera,11/04/1981,***-**-7043,WY
424,Anthony,Kim,09/11/1967,***-**-2658,IN
188,Kendra,Marshall,02/17/1993,***-**-8022,PA
272,Debbie,Chang,03/27/1964,***-**-2359,IL
545,Miranda,Simmons,08/11/1968,***-**-6401,RI
193,Catherine,Murphy,06/07/1984,***-**-0704,GA
593,Nicholas,Shelton,07/05/1969,***-**-4775,GA
463,Laura,Winters,04/07/1983,***-**-7889,MN
334,Jill,Barr,12/26/1970,***-**-7600,KS
596,Lauren,Ritter,06/07/1986,***-**-6004,WY
373,Anthony,Short,05/07/1967,***-**-4036,NC
635,Patrick,Yates,01/20/1976,***-**-8337,WI
315,Brett,Mitchell,02/05/1983,***-**-1089,CO
120,Andrea,Boone,02/01/1993,***-**-5142,MT
110,Charles,Alvarez,12/21/1978,***-**-2191,MA
68,Jeff,Garner,06/14/1971,***-**-2753,MA
14,Natalie,Williams,11/17/1969,***-**-0822,NC
200,Tracy,King,02/14/1990,***-**-6162,SC
62,Michael,Huang,03/09/1968,***-**-5774,CA
263,Ray,Miller,04/28/1976,***-**-5107,WY
257,Tracey,Powers,07/05/1992,***-**-4136,HI
61,Alexander,Moore,01/05/1977,***-**-4670,NM
107,Lisa,Fisher,04/03/1987,***-**-7430,SC
322,Tamara,Gentry,04/19/1992,***-**-7096,MA
2,Christopher,Fitzgerald,01/20/1991,***-**-7256,PA
81,Jose,Olson,02/07/1966,***-**-8007,GA
337,Carrie,Wallace,04/30/1991,***-**-6884,NY
93,Crystal,Smith,10/20/1959,***-**-7816,NV
366,Caroline,Edwards,08/01/1959,***-**-8196,OR
287,Carol,Baker,12/27/1973,***-**-3414,AR
66,Alexandra,Ward,05/15/1990,***-**-6839,AZ
243,Krystal,Townsend,06/21/1976,***-**-2869,MN
603,Melanie,Elliott,01/09/1973,***-**-9722,AR
277,Tracey,Barajas,12/09/1976,***-**-2136,GA
583,Eric,Barker,09/15/1991,***-**-7631,NM
268,Olivia,Elliott,12/24/1969,***-**-3333,NJ
234,Daniel,Reed,07/03/1964,***-**-9982,MO
320,Roberto,Pierce,06/15/1987,***-**-1303,MO
461,Lawrence,Stewart,02/17/1965,***-**-2820,KS
232,Michael,Snow,09/09/1973,***-**-3168,MA
13,Ashley,Cruz,12/10/1975,***-**-2648,MS
108,Jesus,Hobbs,01/08/1978,***-**-6681,CT
216,Jody,Riley,11/23/1993,***-**-4445,MD
304,Joseph,Scott,01/05/1993,***-**-8141,SC
94,Eric,Sullivan,11/09/1975,***-**-7919,VT
171,Christopher,Cervantes,02/03/1959,***-**-2413,AR
466,Jennifer,Leon,12/07/1957,***-**-5844,WA
498,Victor,Fuentes,12/05/1972,***-**-6538,AL
180,Christine,Marshall,12/03/1961,***-**-1013,NJ
9,Amanda,Garcia,03/13/1983,***-**-4965,AK
170,Nancy,Holloway,07/03/1990,***-**-7861,AZ
172,Kimberly,Banks,06/04/1971,***-**-5040,AZ
46,Laura,King,04/23/1982,***-**-0627,IA
576,Robert,Mendoza,12/11/1981,***-**-6296,KY
11,Jessica,Black,07/08/1990,***-**-0500,NC
80,Cynthia,Duffy,10/15/1978,***-**-3379,MI
77,Aaron,Henry,01/02/1965,***-**-9763,OK
555,Autumn,Peterson,08/15/1963,***-**-0413,TX
95,Danielle,Murphy,10/20/1986,***-**-9690,MT
595,Deborah,Hoffman,07/19/1972,***-**-3934,AR
543,Kathy,Palmer,04/22/1967,***-**-8047,NC
227,Tim,Smith,11/09/1970,***-**-2594,MO
572,Renee,Campbell,04/19/1959,***-**-4659,FL
387,Bryan,Mcdaniel,12/13/1974,***-**-3754,WV
380,Rhonda,Flores,06/17/1963,***-**-8490,MO
203,Jonathan,Wright,01/12/1977,***-**-5923,FL
636,Sydney,King,12/08/1972,***-**-0243,UT
256,Janet,Gonzales,08/19/1978,***-**-9820,WA
85,Steve,Russell,12/25/1957,***-**-8248,ND
520,Craig,Pennington,04/11/1963,***-**-7838,MA
233,Andrew,Thomas,06/10/1992,***-**-1852,ME
410,Miguel,Woods,03/02/1969,***-**-9480,SC
485,Samuel,Anderson,05/29/1962,***-**-8148,MA
630,Cynthia,Clarke,06/20/1960,***-**-3185,AK
295,Adam,Mcgrath,04/03/1984,***-**-3672,SD
487,Courtney,Oconnell,08/07/1966,***-**-4780,IL
616,Brandon,Hudson,02/06/1985,***-**-5213,GA
435,Rachel,Lewis,03/07/1981,***-**-0042,WA
349,Manuel,Rodriguez,08/23/1984,***-**-6395,NC
557,Gregory,Wilkinson,08/03/1962,***-**-6360,NH
425,Donna,Lopez,03/10/1992,***-**-0749,MS
273,David,Scott,11/21/1977,***-**-7057,NV
69,Gregory,Maxwell,09/24/1975,***-**-4870,MS
571,Daniel,Wilkins,06/08/1989,***-**-2026,MT
169,Jonathan,Henry,09/17/1984,***-**-2527,WA
495,Heather,Shepherd,10/30/1986,***-**-0435,NH
350,Cindy,Munoz,12/24/1977,***-**-8792,ME
395,Dalton,Bowman,06/18/1967,***-**-8771,TN
75,Jon,Clark,09/04/1983,***-**-5604,LA
244,Amber,Meyer,06/18/1972,***-**-9767,IN
509,Steven,Madden,01/04/1971,***-**-6283,WA
339,Victoria,Lewis,12/14/1974,***-**-6649,TX
534,Karl,Dudley,12/24/1966,***-**-8324,CO
419,Alicia,Stone,08/17/1960,***-**-4918,SC
386,Max,Mckay,06/30/1979,***-**-0117,MT
328,Richard,Brown,12/22/1971,***-**-1698,AR
612,Heather,Case,10/12/1965,***-**-2150,UT
502,Amy,Gonzalez,12/12/1973,***-**-5658,AZ
390,Brandon,Armstrong,01/15/1981,***-**-5340,VA
404,Terrance,Ewing,04/27/1960,***-**-9784,VA
159,Jessica,Boyd,03/09/1966,***-**-4578,MS
115,Corey,Taylor,11/17/1958,***-**-3591,MS
422,Frank,Blankenship,10/14/1975,***-**-3158,MS
250,Monica,Montgomery,09/07/1961,***-**-7381,NM
638,Tammy,Patrick,08/13/1982,***-**-9114,DE
414,Corey,Sawyer,01/23/1994,***-**-7298,SD
127,Linda,Anthony,10/12/1967,***-**-7968,TN
440,Travis,Patrick,08/08/1975,***-**-0620,CT
594,Linda,Davis,02/09/1962,***-**-1396,VT
114,Anthony,Adams,11/03/1959,***-**-5547,CT
109,Christopher,Johnson,08/06/1980,***-**-1904,RI
515,Tracy,Austin,03/26/1978,***-**-6667,ID
31,Matthew,Woodward,01/19/1973,***-**-3401,NY
605,Donna,Cole,08/11/1963,***-**-6449,TN
421,Alexis,Allen,03/18/1967,***-**-9288,CO
536,Stephen,Parker,05/01/1963,***-**-0265,PA
267,Nicole,Johnson,06/16/1976,***-**-7915,AK
210,Daniel,Green,04/16/1966,***-**-4597,CO
560,Dylan,Adams,06/06/1970,***-**-5627,LA
302,Jason,Davis,10/08/1973,***-**-2874,WY
640,Jennifer,Conrad,06/30/1985,***-**-5741,AZ
449,Stephen,Dawson,04/07/1981,***-**-9028,MA
202,Douglas,Smith,10/26/1968,***-**-1654,HI
168,Diane,Gray,07/26/1974,***-**-3940,CO
119,Benjamin,Gordon,09/08/1983,***-**-8885,LA
613,Stephanie,Miller,09/17/1973,***-**-6531,ME
473,Lynn,Stout,02/02/1958,***-**-4261,ID
615,Malik,Scott,07/28/1973,***-**-5706,OK
10,David,Brown,01/11/1968,***-**-6468,WI
86,Nathan,Jenkins,07/17/1970,***-**-3505,MA
500,Maria,Bryant,09/15/1963,***-**-4120,WA
38,Michael,Griffin,04/17/1979,***-**-9334,CA
633,Nathan,Smith,06/01/1958,***-**-4595,CA
530,James,Jackson,02/02/1977,***-**-1552,AL
177,Erika,Jones,04/06/1967,***-**-0580,DE
266,Stephanie,Leon,12/25/1969,***-**-5284,RI
4,Anthony,Walker,10/17/1962,***-**-5295,KY
12,Richard,Brooks,06/10/1973,***-**-9588,NJ
477,Matthew,Bishop,10/04/1990,***-**-1051,MA
575,Anthony,Thompson,09/21/1961,***-**-6120,NC
37,Justin,Garcia,12/21/1964,***-**-5477,OH
360,Miguel,Garcia,09/24/1976,***-**-2699,IN
134,Jeffrey,Randolph,04/09/1957,***-**-8575,FL
416,Raymond,Tran,09/10/1966,***-**-8353,UT
45,Brandon,Webb,07/06/1982,***-**-1657,TN
441,Brandon,Petersen,07/03/1994,***-**-1674,AZ
323,Bryce,Ball,02/25/1973,***-**-0572,NC
58,Blake,Watkins,08/21/1960,***-**-5605,CO
639,Gregory,Morales,08/24/1964,***-**-2643,WA
484,Alyssa,Wall,11/11/1960,***-**-2024,ID
50,Cynthia,Garcia,12/03/1969,***-**-7515,NM
533,Amber,Williams,07/02/1957,***-**-7390,MI
611,Steve,Stark,02/29/1968,***-**-2710,FL
563,Charles,Baird,02/28/1990,***-**-6862,AL
562,Mackenzie,Hall,05/29/1964,***-**-8792,SD
559,Aaron,King,02/08/1984,***-**-1226,GA
481,Joshua,Perez,10/24/1975,***-**-7833,ND
195,Alexander,Valdez,06/18/1983,***-**-4884,AL
186,Ashley,Santos,04/11/1988,***-**-9528,VT
160,Joshua,Stephens,08/18/1994,***-**-4594,TX
143,Steven,Long,07/05/1975,***-**-4734,NY
492,Jack,Jackson,01/20/1992,***-**-8779,MA
6,Roberto,Leonard,06/05/1981,***-**-4033,NM
88,Michael,Park,12/11/1965,***-**-8325,LA
161,Carl,Reeves,07/22/1976,***-**-7697,IN
83,Paul,Lee,08/04/1960,***-**-0099,OH
254,Kathryn,Ramirez,10/31/1973,***-**-8215,MS
464,Daniel,Medina,01/30/1961,***-**-3664,SC
284,Jesse,Gomez,08/01/1991,***-**-5586,VA
25,Brandon,Good,06/08/1974,***-**-7890,GA
218,Sandra,Suarez,12/07/1957,***-**-3851,CT
99,Jeffrey,Stevenson,02/21/1957,***-**-8008,ND
356,Richard,Mcdonald,03/07/1984,***-**-1576,IN
317,Joanna,Castillo,06/06/1992,***-**-7139,AR
229,Angelica,Reyes,03/06/1976,***-**-3901,NM
581,Jennifer,Wright,06/30/1957,***-**-1319,CA
452,James,Porter,01/31/1961,***-**-8909,TX
518,Krystal,Brown,02/01/1981,***-**-4713,IN
479,Christopher,Reyes,07/18/1965,***-**-3601,HI
245,Luis,Lewis,03/24/1985,***-**-8776,RI
653,Lynn,Owens,12/12/1960,***-**-3754,NJ
19,Anthony,Phillips,12/29/1970,***-**-2911,MS
650,Jessica,Mcdonald,09/13/1972,***-**-8147,TN
137,Michelle,Allen,01/17/1959,***-**-2267,TN
619,Victor,Webb,04/06/1972,***-**-7978,NY
654,Martin,Melton,11/15/1962,***-**-5312,NC
201,Pamela,Miles,09/05/1958,***-**-6855,SC
165,Christopher,Compton,03/15/1959,***-**-1866,FL
310,Annette,Rice,01/10/1974,***-**-4313,NJ
141,Travis,Meza,07/28/1976,***-**-2839,IL
600,Brian,Baker,10/23/1967,***-**-7596,DE
529,Sharon,Lee,02/14/1967,***-**-8194,HI
369,Brian,Sparks,10/10/1962,***-**-3761,VA
32,Dana,Ryan,05/12/1958,***-**-9113,CA
522,Maria,Stevens,06/17/1960,***-**-3759,NH
651,Julia,Berry,09/12/1964,***-**-3882,IA
608,Sarah,Williams,07/29/1980,***-**-2488,ND
336,Trevor,Short,04/11/1962,***-**-6015,ME
516,Michael,Johnson,11/13/1959,***-**-7111,CO
514,Louis,Cross,04/24/1964,***-**-2228,OK
426,Ryan,Smith,01/06/1964,***-**-8092,KY
497,Joan,Carter,06/17/1967,***-**-4888,VT
468,Karen,Franklin,04/30/1992,***-**-6104,AL
24,Christian,Palmer,10/20/1982,***-**-3545,HI
221,Kristopher,Smith,07/21/1963,***-**-3300,TN
217,Cheryl,Velez,12/20/1993,***-**-9625,MS
399,Jeffrey,Harris,06/11/1984,***-**-1529,NV
285,Jamie,Doyle,12/20/1973,***-**-6337,ID
21,Adam,Sims,08/01/1984,***-**-3344,HI
447,Joshua,Griffith,10/02/1989,***-**-5788,CT
601,Donald,Koch,03/18/1957,***-**-7962,HI
378,Wendy,Leonard,08/06/1980,***-**-4700,FL
548,Dana,Hubbard,02/27/1970,***-**-5338,OK
42,Brett,Carson,11/05/1980,***-**-0341,SC
344,Erica,Peters,01/31/1989,***-**-1954,VT
252,William,Carter,01/29/1986,***-**-6243,AZ
428,Karen,Taylor,12/04/1978,***-**-9307,MI
220,Virginia,Cobb,08/18/1968,***-**-6329,NJ
118,Tamara,Watson,07/24/1983,***-**-7354,OR
618,John,Middleton,12/23/1964,***-**-4744,CT
370,Alex,Cruz,01/08/1973,***-**-9276,IL
23,Theresa,Crawford,11/29/1970,***-**-5246,NE
511,Glenn,Chavez,07/16/1963,***-**-7399,WI
43,Carrie,Davis,09/13/1974,***-**-3346,NE
311,Michael,Haynes,04/12/1981,***-**-5875,IN
136,Michele,Arellano,04/05/1992,***-**-2359,PA
72,Gina,Stevens,04/07/1959,***-**-7821,NM
65,Elizabeth,Hatfield,07/21/1958,***-**-1842,FL
577,Michael,Reyes,09/18/1959,***-**-7753,IN
35,Spencer,Wilson,08/26/1992,***-**-8582,IN
296,Kevin,Smith,11/19/1980,***-**-2061,VA
578,Steven,Giles,05/03/1979,***-**-3035,MA
98,Mario,Butler,01/29/1958,***-**-3100,VT
569,Billy,Romero,07/09/1970,***-**-7579,MA
248,Katie,Miller,04/24/1983,***-**-6013,MO
433,William,Salinas,10/07/1957,***-**-0633,CA
307,Kendra,Alvarado,03/20/1979,***-**-9022,OH
398,Kimberly,Wright,10/17/1968,***-**-2012,NV
60,Judy,Nelson,04/08/1978,***-**-3418,ND
282,Alexandra,Golden,07/28/1965,***-**-5775,CO
436,Patricia,Park,01/10/1965,***-**-3816,CT
318,Kylie,Chavez,06/29/1980,***-**-9087,OR
494,Randy,Edwards,05/18/1987,***-**-7625,NY
644,Glenda,Hebert,04/29/1980,***-**-5815,SD
413,Erin,Garrett,03/30/1957,***-**-1819,SD
345,Donna,Floyd,02/12/1974,***-**-3375,PA
123,Brandon,Watson,02/22/1985,***-**-4729,PA
208,Paul,Patterson,12/21/1960,***-**-5897,PA
346,Hannah,Henderson,07/24/1974,***-**-7279,CA
385,Autumn,Smith,05/31/1986,***-**-6852,DE
454,Steven,Contreras,09/25/1986,***-**-0302,UT
209,Miguel,Russell,08/03/1964,***-**-3452,SC
271,Kim,Martin,01/31/1993,***-**-9545,OH
152,Heidi,Proctor,06/19/1976,***-**-8728,KS
283,Nicholas,May,06/22/1982,***-**-9379,WV
592,Michael,Nunez,07/05/1981,***-**-1510,OH
469,Gregory,Bowen,06/30/1969,***-**-9009,OK
306,Jennifer,Juarez,10/25/1990,***-**-8318,KS
237,April,Williamson,08/12/1972,***-**-1836,ND
457,Francisco,Smith,11/02/1975,***-**-6293,GA
293,Roger,Taylor,01/10/1976,***-**-5792,AZ
374,Gabriela,Williams,12/05/1965,***-**-0840,MD
276,Stephanie,Pittman,08/09/1962,***-**-3997,AZ
112,Sarah,Porter,09/24/1971,***-**-2003,NJ
333,Ernest,Cooper,03/06/1976,***-**-2206,AK
546,Alexandra,Fisher,11/20/1984,***-**-7954,OK
496,Henry,Turner,08/31/1984,***-**-8407,NV
504,Charles,Rogers,02/26/1988,***-**-4803,IA
126,Keith,Lynch,08/24/1972,***-**-8895,AL
418,Lindsay,Bowman,07/05/1990,***-**-2943,RI
566,Jennifer,Lutz,11/20/1962,***-**-7406,AR
249,Mark,Mills,08/05/1960,***-**-0942,NC
624,Dawn,Thomas,05/10/1975,***-**-7953,MO
358,Keith,Tyler,03/12/1960,***-**-3836,LA
197,Joseph,Smith,03/10/1966,***-**-3459,SD
538,Michael,Dudley,01/17/1961,***-**-8076,ND
164,Blake,Bowman,08/22/1994,***-**-9448,SC
450,Amy,Graves,10/03/1968,***-**-8902,AR
602,Robert,Hill,08/13/1988,***-**-5405,MD
239,Robert,Davis,03/06/1981,***-**-0677,RI
627,Tammy,Horton,03/27/1992,***-**-1605,NV
459,Allison,Watkins,11/29/1989,***-**-3276,IA
394,James,Mathis,02/03/1958,***-**-2668,ID
554,Sabrina,Shelton,10/26/1983,***-**-7638,SD
90,Rachel,Coleman,08/17/1973,***-**-4706,CA
364,William,Cantrell,09/16/1968,***-**-9127,MA
574,Donna,Carroll,01/26/1961,***-**-8283,OH
607,Tammy,Harris,10/16/1957,***-**-9872,MN
157,Debra,Pena,03/01/1957,***-**-7935,SD
241,James,Reilly,03/11/1957,***-**-5246,NM
558,Robert,Krause,11/05/1990,***-**-0638,IL
324,Chad,Crawford,01/05/1986,***-**-5912,MI
183,Luke,Huerta,09/06/1978,***-**-9787,MO
381,Corey,Long,10/30/1987,***-**-5727,NE
505,Joshua,Flores,06/01/1993,***-**-4791,KY
437,Jeffery,Collins,01/03/1994,***-**-6223,NC
135,Michael,Clements,02/23/1977,***-**-6535,HI
27,Christopher,Williams,10/22/1966,***-**-5794,AL
48,Laura,Mata,09/16/1968,***-**-2121,FL
286,Jessica,Campbell,11/12/1973,***-**-9892,WA
308,Kristy,Hebert,11/19/1974,***-**-3474,ND
163,Rachel,Silva,01/31/1986,***-**-5932,VA
275,Tyrone,Dean,02/17/1963,***-**-2921,ME
521,Angela,White,05/12/1975,***-**-1580,IN
53,Teresa,Bell,07/27/1981,***-**-6206,PA
539,Edwin,Williams,06/05/1978,***-**-9383,LA
482,Hannah,Hicks,03/14/1994,***-**-8418,DE
342,Kevin,Rivera,07/28/1959,***-**-5747,OR
150,Trevor,Jones,04/24/1989,***-**-5242,MN
448,Emily,Silva,02/25/1960,***-**-2668,ND
604,Emma,Thomas,07/22/1980,***-**-7446,WI
154,Lisa,Myers,02/04/1975,***-**-2581,MD
591,Jennifer,King,11/01/1971,***-**-4143,GA
196,Dylan,Walker,07/10/1981,***-**-3882,KY
507,Andrea,Snyder,02/09/1992,***-**-2267,OK
409,Samuel,Lane,05/16/1962,***-**-7541,OR
629,Jennifer,Cameron,06/14/1985,***-**-4949,NE
305,Rodney,Cross,12/18/1990,***-**-3364,OR
297,Dustin,Brown,09/30/1969,***-**-0563,SD
133,Krista,Mack,02/01/1977,***-**-4894,NV
125,Luis,Ruiz,12/01/1991,***-**-0203,AL
106,Cassandra,Johnson,07/21/1990,***-**-7608,NE
335,Ruth,Nichols,08/15/1987,***-**-3302,CT
648,Pamela,Dean,12/08/1961,***-**-1371,MN
332,Beth,Lee,04/26/1977,***-**-9812,WY
175,Christopher,Martin,09/03/1974,***-**-7153,MA
104,Amanda,Johnson,10/24/1959,***-**-1644,OR
314,Joseph,Barnett,11/24/1979,***-**-9488,WV
551,Maria,Burns,09/05/1962,***-**-5605,WV
124,Kevin,Riley,07/15/1962,***-**-0510,WV
8,Brian,Reyes,06/21/1958,***-**-6490,MO
251,Jeffrey,Robinson,09/05/1961,***-**-8396,FL
643,David,Gardner,02/28/1974,***-**-4596,NM
238,Tracey,Downs,10/15/1982,***-**-7950,LA
303,Cody,Ramirez,05/09/1981,***-**-6848,KS
519,Heather,Gray,02/15/1960,***-**-9111,CO
178,Erika,Lewis,11/22/1978,***-**-9020,KY
458,Ronald,Maynard,06/11/1991,***-**-5309,GA
207,Ashley,Saunders,11/02/1978,***-**-0964,IA
598,Paul,Kaufman,06/15/1964,***-**-5027,NY
352,Nathan,Rosario,10/06/1978,***-**-1193,MN
645,Melissa,Nguyen,07/27/1989,***-**-7598,KY
146,Mitchell,Gill,04/18/1977,***-**-8249,OR
51,Michael,Shaw,12/20/1972,***-**-8160,MD
512,Crystal,Jones,12/04/1957,***-**-0602,WV
467,Jasmine,Harrison,05/04/1985,***-**-1229,KS
179,Chase,Grant,04/10/1961,***-**-4240,MN
54,Shawn,Kidd,01/24/1970,***-**-1013,SC
570,Chris,Robinson,05/05/1969,***-**-6182,AL
527,Carla,Smith,01/30/1985,***-**-5610,CA
288,Kimberly,Burns,10/05/1992,***-**-4062,NY
382,Lori,Sullivan,02/25/1994,***-**-7025,ME
408,Jennifer,Williams,03/09/1986,***-**-1494,CO
147,John,Lamb,06/28/1974,***-**-6922,LA
198,Joanne,Lamb,12/27/1978,***-**-4274,DE
194,David,Brown,04/03/1985,***-**-5144,AR
206,Scott,Leach,04/08/1970,***-**-3511,IA
